"Timestamp","320.002-SB401_R_Tl","320.002-RT502_Tl"
"30/03/2022 11:09:10","60,000","36,090"
"30/03/2022 11:09:00","60,000","36,100"
"30/03/2022 11:08:50","60,000","36,100"
"30/03/2022 11:08:40","60,000","36,090"
"30/03/2022 11:08:30","60,000","36,100"
"30/03/2022 11:08:20","60,000","36,100"
"30/03/2022 11:08:10","60,000","36,100"
"30/03/2022 11:08:00","60,000","36,100"
"30/03/2022 11:07:50","60,000","36,110"
"30/03/2022 11:07:40","60,000","36,110"
"30/03/2022 11:07:30","60,000","36,110"
"30/03/2022 11:07:20","60,000","36,120"
"30/03/2022 11:07:10","60,000","36,110"
"30/03/2022 11:07:00","60,000","36,120"
"30/03/2022 11:06:50","60,000","36,120"
"30/03/2022 11:06:40","60,000","36,120"
"30/03/2022 11:06:30","60,000","36,120"
"30/03/2022 11:06:20","60,000","36,120"
"30/03/2022 11:06:10","60,000","36,120"
"30/03/2022 11:06:00","60,000","36,120"
"30/03/2022 11:05:50","60,000","36,120"
"30/03/2022 11:05:40","60,000","36,120"
"30/03/2022 11:05:30","60,000","36,130"
"30/03/2022 11:05:20","60,000","36,130"
"30/03/2022 11:05:10","60,000","36,130"
"30/03/2022 11:05:00","60,000","36,130"
"30/03/2022 11:04:50","60,000","36,140"
"30/03/2022 11:04:40","60,000","36,140"
"30/03/2022 11:04:30","60,000","36,130"
"30/03/2022 11:04:20","60,000","36,130"
"30/03/2022 11:04:10","60,000","36,140"
"30/03/2022 11:04:00","60,000","36,130"
"30/03/2022 11:03:50","60,000","36,130"
"30/03/2022 11:03:40","60,000","36,130"
"30/03/2022 11:03:30","60,000","36,140"
"30/03/2022 11:03:20","60,000","36,140"
"30/03/2022 11:03:10","60,000","36,140"
"30/03/2022 11:03:00","60,000","36,150"
"30/03/2022 11:02:50","60,000","36,150"
"30/03/2022 11:02:40","60,000","36,150"
"30/03/2022 11:02:30","60,000","36,160"
"30/03/2022 11:02:20","60,000","36,160"
"30/03/2022 11:02:10","60,000","36,170"
"30/03/2022 11:02:00","60,000","36,170"
"30/03/2022 11:01:50","60,000","36,170"
"30/03/2022 11:01:40","60,000","36,180"
"30/03/2022 11:01:30","60,000","36,180"
"30/03/2022 11:01:20","60,000","36,190"
"30/03/2022 11:01:10","60,000","36,200"
"30/03/2022 11:01:00","60,000","36,210"
"30/03/2022 11:00:50","60,000","36,210"
"30/03/2022 11:00:40","60,000","36,210"
"30/03/2022 11:00:30","60,000","36,220"
"30/03/2022 11:00:20","60,000","36,230"
"30/03/2022 11:00:10","60,000","36,230"
"30/03/2022 11:00:00","60,000","36,240"
"30/03/2022 10:59:50","60,000","36,240"
"30/03/2022 10:59:40","60,000","36,250"
"30/03/2022 10:59:30","60,000","36,260"
"30/03/2022 10:59:20","60,000","36,270"
"30/03/2022 10:59:10","60,000","36,280"
"30/03/2022 10:59:00","60,000","36,290"
"30/03/2022 10:58:50","60,000","36,310"
"30/03/2022 10:58:40","60,000","36,320"
"30/03/2022 10:58:30","60,000","36,330"
"30/03/2022 10:58:20","60,000","36,340"
"30/03/2022 10:58:10","60,000","36,350"
"30/03/2022 10:58:00","60,000","36,370"
"30/03/2022 10:57:50","60,000","36,380"
"30/03/2022 10:57:40","60,000","36,400"
"30/03/2022 10:57:30","60,000","36,410"
"30/03/2022 10:57:20","60,000","36,430"
"30/03/2022 10:57:10","60,000","36,440"
"30/03/2022 10:57:00","60,000","36,450"
"30/03/2022 10:56:50","60,000","36,460"
"30/03/2022 10:56:40","60,000","36,470"
"30/03/2022 10:56:30","60,000","36,480"
"30/03/2022 10:56:20","60,000","36,490"
"30/03/2022 10:56:10","60,000","36,500"
"30/03/2022 10:56:00","60,000","36,510"
"30/03/2022 10:55:50","60,000","36,510"
"30/03/2022 10:55:40","60,000","36,530"
"30/03/2022 10:55:30","60,000","36,530"
"30/03/2022 10:55:20","60,000","36,530"
"30/03/2022 10:55:10","60,000","36,530"
"30/03/2022 10:55:00","60,000","36,540"
"30/03/2022 10:54:50","60,000","36,550"
"30/03/2022 10:54:40","60,000","36,550"
"30/03/2022 10:54:30","60,000","36,550"
"30/03/2022 10:54:20","60,000","36,560"
"30/03/2022 10:54:10","60,000","36,560"
"30/03/2022 10:54:00","60,000","36,570"
"30/03/2022 10:53:50","60,000","36,570"
"30/03/2022 10:53:40","60,000","36,570"
"30/03/2022 10:53:30","60,000","36,570"
"30/03/2022 10:53:20","60,000","36,570"
"30/03/2022 10:53:10","60,000","36,570"
"30/03/2022 10:53:00","60,000","36,570"
"30/03/2022 10:52:50","60,000","36,580"
"30/03/2022 10:52:40","60,000","36,580"
"30/03/2022 10:52:30","60,000","36,580"
"30/03/2022 10:52:20","60,000","36,580"
"30/03/2022 10:52:10","60,000","36,580"
"30/03/2022 10:52:00","60,000","36,580"
"30/03/2022 10:51:50","60,000","36,580"
"30/03/2022 10:51:40","60,000","36,580"
"30/03/2022 10:51:30","60,000","36,590"
"30/03/2022 10:51:20","60,000","36,590"
"30/03/2022 10:51:10","60,000","36,590"
"30/03/2022 10:51:00","60,000","36,590"
"30/03/2022 10:50:50","60,000","36,590"
"30/03/2022 10:50:40","60,000","36,590"
"30/03/2022 10:50:30","60,000","36,590"
"30/03/2022 10:50:20","60,000","36,590"
"30/03/2022 10:50:10","60,000","36,590"
"30/03/2022 10:50:00","60,000","36,590"
"30/03/2022 10:49:50","60,000","36,590"
"30/03/2022 10:49:40","60,000","36,580"
"30/03/2022 10:49:30","60,000","36,590"
"30/03/2022 10:49:20","60,000","36,590"
"30/03/2022 10:49:10","60,000","36,580"
"30/03/2022 10:49:00","60,000","36,580"
"30/03/2022 10:48:50","60,000","36,580"
"30/03/2022 10:48:40","60,000","36,570"
"30/03/2022 10:48:30","60,000","36,570"
"30/03/2022 10:48:20","60,000","36,560"
"30/03/2022 10:48:10","60,000","36,560"
"30/03/2022 10:48:00","60,000","36,560"
"30/03/2022 10:47:50","60,000","36,550"
"30/03/2022 10:47:40","60,000","36,540"
"30/03/2022 10:47:30","60,000","36,540"
"30/03/2022 10:47:20","60,000","36,530"
"30/03/2022 10:47:10","60,000","36,530"
"30/03/2022 10:47:00","60,000","36,530"
"30/03/2022 10:46:50","60,000","36,520"
"30/03/2022 10:46:40","60,000","36,520"
"30/03/2022 10:46:30","60,000","36,510"
"30/03/2022 10:46:20","60,000","36,510"
"30/03/2022 10:46:10","60,000","36,510"
"30/03/2022 10:46:00","60,000","36,510"
"30/03/2022 10:45:50","60,000","36,500"
"30/03/2022 10:45:40","60,000","36,500"
"30/03/2022 10:45:30","60,000","36,500"
"30/03/2022 10:45:20","60,000","36,490"
"30/03/2022 10:45:10","60,000","36,490"
"30/03/2022 10:45:00","60,000","36,490"
"30/03/2022 10:44:50","60,000","36,480"
"30/03/2022 10:44:40","60,000","36,480"
"30/03/2022 10:44:30","60,000","36,480"
"30/03/2022 10:44:20","60,000","36,470"
"30/03/2022 10:44:10","60,000","36,470"
"30/03/2022 10:44:00","60,000","36,470"
"30/03/2022 10:43:50","60,000","36,470"
"30/03/2022 10:43:40","60,000","36,460"
"30/03/2022 10:43:30","60,000","36,460"
"30/03/2022 10:43:20","60,000","36,450"
"30/03/2022 10:43:10","60,000","36,450"
"30/03/2022 10:43:00","60,000","36,450"
"30/03/2022 10:42:50","60,000","36,440"
"30/03/2022 10:42:40","60,000","36,440"
"30/03/2022 10:42:30","60,000","36,430"
"30/03/2022 10:42:20","60,000","36,430"
"30/03/2022 10:42:10","60,000","36,430"
"30/03/2022 10:42:00","60,000","36,430"
"30/03/2022 10:41:50","60,000","36,430"
"30/03/2022 10:41:40","60,000","36,420"
"30/03/2022 10:41:30","60,000","36,410"
"30/03/2022 10:41:20","60,000","36,410"
"30/03/2022 10:41:10","60,000","36,410"
"30/03/2022 10:41:00","60,000","36,410"
"30/03/2022 10:40:50","60,000","36,400"
"30/03/2022 10:40:40","60,000","36,400"
"30/03/2022 10:40:30","60,000","36,390"
"30/03/2022 10:40:20","60,000","36,390"
"30/03/2022 10:40:10","60,000","36,390"
"30/03/2022 10:40:00","60,000","36,380"
"30/03/2022 10:39:50","60,000","36,380"
"30/03/2022 10:39:40","60,000","36,370"
"30/03/2022 10:39:30","60,000","36,360"
"30/03/2022 10:39:20","60,000","36,360"
"30/03/2022 10:39:10","60,000","36,360"
"30/03/2022 10:39:00","60,000","36,360"
"30/03/2022 10:38:50","60,000","36,350"
"30/03/2022 10:38:40","60,000","36,340"
"30/03/2022 10:38:30","60,000","36,340"
"30/03/2022 10:38:20","60,000","36,340"
"30/03/2022 10:38:10","60,000","36,330"
"30/03/2022 10:38:00","60,000","36,320"
"30/03/2022 10:37:50","60,000","36,320"
"30/03/2022 10:37:40","60,000","36,320"
"30/03/2022 10:37:30","60,000","36,320"
"30/03/2022 10:37:20","60,000","36,310"
"30/03/2022 10:37:10","60,000","36,300"
"30/03/2022 10:37:00","60,000","36,290"
"30/03/2022 10:36:50","60,000","36,290"
"30/03/2022 10:36:40","60,000","36,290"
"30/03/2022 10:36:30","60,000","36,280"
"30/03/2022 10:36:20","60,000","36,280"
"30/03/2022 10:36:10","60,000","36,270"
"30/03/2022 10:36:00","60,000","36,270"
"30/03/2022 10:35:50","60,000","36,260"
"30/03/2022 10:35:40","60,000","36,260"
"30/03/2022 10:35:30","60,000","36,250"
"30/03/2022 10:35:20","60,000","36,250"
"30/03/2022 10:35:10","60,000","36,250"
"30/03/2022 10:35:00","60,000","36,240"
"30/03/2022 10:34:50","60,000","36,240"
"30/03/2022 10:34:40","60,000","36,230"
"30/03/2022 10:34:30","60,000","36,230"
"30/03/2022 10:34:20","60,000","36,220"
"30/03/2022 10:34:10","60,000","36,220"
"30/03/2022 10:34:00","60,000","36,210"
"30/03/2022 10:33:50","60,000","36,200"
"30/03/2022 10:33:40","60,000","36,200"
"30/03/2022 10:33:30","60,000","36,190"
"30/03/2022 10:33:20","60,000","36,190"
"30/03/2022 10:33:10","60,000","36,190"
"30/03/2022 10:33:00","60,000","36,180"
"30/03/2022 10:32:50","60,000","36,180"
"30/03/2022 10:32:40","60,000","36,170"
"30/03/2022 10:32:30","60,000","36,170"
"30/03/2022 10:32:20","60,000","36,160"
"30/03/2022 10:32:10","60,000","36,160"
"30/03/2022 10:32:00","60,000","36,150"
"30/03/2022 10:31:50","60,000","36,150"
"30/03/2022 10:31:40","60,000","36,150"
"30/03/2022 10:31:30","60,000","36,140"
"30/03/2022 10:31:20","60,000","36,130"
"30/03/2022 10:31:10","60,000","36,130"
"30/03/2022 10:31:00","60,000","36,120"
"30/03/2022 10:30:50","60,000","36,120"
"30/03/2022 10:30:40","60,000","36,120"
"30/03/2022 10:30:30","60,000","36,110"
"30/03/2022 10:30:20","60,000","36,100"
"30/03/2022 10:30:10","60,000","36,100"
"30/03/2022 10:30:00","60,000","36,090"
"30/03/2022 10:29:50","60,000","36,090"
"30/03/2022 10:29:40","60,000","36,080"
"30/03/2022 10:29:30","60,000","36,080"
"30/03/2022 10:29:20","60,000","36,070"
"30/03/2022 10:29:10","60,000","36,070"
"30/03/2022 10:29:00","60,000","36,060"
"30/03/2022 10:28:50","60,000","36,050"
"30/03/2022 10:28:40","60,000","36,050"
"30/03/2022 10:28:30","60,000","36,040"
"30/03/2022 10:28:20","60,000","36,040"
"30/03/2022 10:28:10","60,000","36,030"
"30/03/2022 10:28:00","60,000","36,020"
"30/03/2022 10:27:50","60,000","36,020"
"30/03/2022 10:27:40","60,000","36,010"
"30/03/2022 10:27:30","60,000","36,010"
"30/03/2022 10:27:20","60,000","36,000"
"30/03/2022 10:27:10","60,000","36,000"
"30/03/2022 10:27:00","60,000","35,990"
"30/03/2022 10:26:50","60,000","35,980"
"30/03/2022 10:26:40","60,000","35,980"
"30/03/2022 10:26:30","60,000","35,970"
"30/03/2022 10:26:20","60,000","35,960"
"30/03/2022 10:26:10","60,000","35,950"
"30/03/2022 10:26:00","60,000","35,950"
"30/03/2022 10:25:50","60,000","35,940"
"30/03/2022 10:25:40","60,000","35,940"
"30/03/2022 10:25:30","60,000","35,940"
"30/03/2022 10:25:20","60,000","35,930"
"30/03/2022 10:25:10","60,000","35,920"
"30/03/2022 10:25:00","60,000","35,910"
"30/03/2022 10:24:50","60,000","35,910"
"30/03/2022 10:24:40","60,000","35,910"
"30/03/2022 10:24:30","60,000","35,900"
"30/03/2022 10:24:20","60,000","35,890"
"30/03/2022 10:24:10","60,000","35,890"
"30/03/2022 10:24:00","60,000","35,880"
"30/03/2022 10:23:50","60,000","35,870"
"30/03/2022 10:23:40","60,000","35,860"
"30/03/2022 10:23:30","60,000","35,860"
"30/03/2022 10:23:20","60,000","35,850"
"30/03/2022 10:23:10","60,000","35,850"
"30/03/2022 10:23:00","60,000","35,840"
"30/03/2022 10:22:50","60,000","35,830"
"30/03/2022 10:22:40","60,000","35,830"
"30/03/2022 10:22:30","60,000","35,830"
"30/03/2022 10:22:20","60,000","35,820"
"30/03/2022 10:22:10","60,000","35,810"
"30/03/2022 10:22:00","60,000","35,800"
"30/03/2022 10:21:50","60,000","35,800"
"30/03/2022 10:21:40","60,000","35,790"
"30/03/2022 10:21:30","60,000","35,790"
"30/03/2022 10:21:20","60,000","35,780"
"30/03/2022 10:21:10","60,000","35,770"
"30/03/2022 10:21:00","60,000","35,760"
"30/03/2022 10:20:50","60,000","35,750"
"30/03/2022 10:20:40","60,000","35,750"
"30/03/2022 10:20:30","60,000","35,740"
"30/03/2022 10:20:20","60,000","35,730"
"30/03/2022 10:20:10","60,000","35,720"
"30/03/2022 10:20:00","60,000","35,720"
"30/03/2022 10:19:50","60,000","35,710"
"30/03/2022 10:19:40","60,000","35,700"
"30/03/2022 10:19:30","60,000","35,690"
"30/03/2022 10:19:20","60,000","35,680"
"30/03/2022 10:19:10","60,000","35,680"
"30/03/2022 10:19:00","60,000","35,670"
"30/03/2022 10:18:50","60,000","35,660"
"30/03/2022 10:18:40","60,000","35,660"
"30/03/2022 10:18:30","60,000","35,650"
"30/03/2022 10:18:20","60,000","35,640"
"30/03/2022 10:18:10","60,000","35,630"
"30/03/2022 10:18:00","60,000","35,630"
"30/03/2022 10:17:50","60,000","35,620"
"30/03/2022 10:17:40","60,000","35,600"
"30/03/2022 10:17:30","60,000","35,600"
"30/03/2022 10:17:20","60,000","35,590"
"30/03/2022 10:17:10","60,000","35,580"
"30/03/2022 10:17:00","60,000","35,570"
"30/03/2022 10:16:50","60,000","35,560"
"30/03/2022 10:16:40","60,000","35,550"
"30/03/2022 10:16:30","60,000","35,540"
"30/03/2022 10:16:20","60,000","35,540"
"30/03/2022 10:16:10","60,000","35,520"
"30/03/2022 10:16:00","60,000","35,520"
"30/03/2022 10:15:50","60,000","35,510"
"30/03/2022 10:15:40","60,000","35,500"
"30/03/2022 10:15:30","60,000","35,490"
"30/03/2022 10:15:20","60,000","35,480"
"30/03/2022 10:15:10","60,000","35,470"
"30/03/2022 10:15:00","60,000","35,460"
"30/03/2022 10:14:50","60,000","35,450"
"30/03/2022 10:14:40","60,000","35,440"
"30/03/2022 10:14:30","60,000","35,430"
"30/03/2022 10:14:20","60,000","35,430"
"30/03/2022 10:14:10","60,000","35,410"
"30/03/2022 10:14:00","60,000","35,400"
"30/03/2022 10:13:50","60,000","35,390"
"30/03/2022 10:13:40","60,000","35,390"
"30/03/2022 10:13:30","60,000","35,380"
"30/03/2022 10:13:20","60,000","35,360"
"30/03/2022 10:13:10","60,000","35,360"
"30/03/2022 10:13:00","60,000","35,350"
"30/03/2022 10:12:50","60,000","35,340"
"30/03/2022 10:12:40","60,000","35,330"
"30/03/2022 10:12:30","60,000","35,320"
"30/03/2022 10:12:20","60,000","35,310"
"30/03/2022 10:12:10","60,000","35,300"
"30/03/2022 10:12:00","60,000","35,290"
"30/03/2022 10:11:50","60,000","35,280"
"30/03/2022 10:11:40","60,000","35,270"
"30/03/2022 10:11:30","60,000","35,260"
"30/03/2022 10:11:20","60,000","35,250"
"30/03/2022 10:11:10","60,000","35,240"
"30/03/2022 10:11:00","60,000","35,230"
"30/03/2022 10:10:50","60,000","35,220"
"30/03/2022 10:10:40","60,000","35,210"
"30/03/2022 10:10:30","60,000","35,200"
"30/03/2022 10:10:20","60,000","35,190"
"30/03/2022 10:10:10","60,000","35,180"
"30/03/2022 10:10:00","60,000","35,170"
"30/03/2022 10:09:50","60,000","35,160"
"30/03/2022 10:09:40","60,000","35,150"
"30/03/2022 10:09:30","60,000","35,130"
"30/03/2022 10:09:20","60,000","35,130"
"30/03/2022 10:09:10","60,000","35,110"
"30/03/2022 10:09:00","60,000","35,100"
"30/03/2022 10:08:50","60,000","35,090"
"30/03/2022 10:08:40","60,000","35,070"
"30/03/2022 10:08:30","60,000","35,070"
"30/03/2022 10:08:20","60,000","35,060"
"30/03/2022 10:08:10","60,000","35,040"
"30/03/2022 10:08:00","60,000","35,030"
"30/03/2022 10:07:50","60,000","35,020"
"30/03/2022 10:07:40","60,000","35,010"
"30/03/2022 10:07:30","60,000","35,000"
"30/03/2022 10:07:20","60,000","34,980"
"30/03/2022 10:07:10","60,000","34,970"
"30/03/2022 10:07:00","60,000","34,960"
"30/03/2022 10:06:50","60,000","34,950"
"30/03/2022 10:06:40","60,000","34,940"
"30/03/2022 10:06:30","60,000","34,930"
"30/03/2022 10:06:20","60,000","34,920"
"30/03/2022 10:06:10","60,000","34,900"
"30/03/2022 10:06:00","60,000","34,890"
"30/03/2022 10:05:50","60,000","34,880"
"30/03/2022 10:05:40","60,000","34,870"
"30/03/2022 10:05:30","60,000","34,850"
"30/03/2022 10:05:20","60,000","34,840"
"30/03/2022 10:05:10","60,000","34,830"
"30/03/2022 10:05:00","60,000","34,820"
"30/03/2022 10:04:50","60,000","34,810"
"30/03/2022 10:04:40","60,000","34,800"
"30/03/2022 10:04:30","60,000","34,790"
"30/03/2022 10:04:20","60,000","34,780"
"30/03/2022 10:04:10","60,000","34,770"
"30/03/2022 10:04:00","60,000","34,760"
"30/03/2022 10:03:50","60,000","34,750"
"30/03/2022 10:03:40","60,000","34,740"
"30/03/2022 10:03:30","60,000","34,730"
"30/03/2022 10:03:20","60,000","34,710"
"30/03/2022 10:03:10","60,000","34,700"
"30/03/2022 10:03:00","60,000","34,690"
"30/03/2022 10:02:50","60,000","34,680"
"30/03/2022 10:02:40","60,000","34,660"
"30/03/2022 10:02:30","60,000","34,650"
"30/03/2022 10:02:20","60,000","34,640"
"30/03/2022 10:02:10","60,000","34,630"
"30/03/2022 10:02:00","60,000","34,620"
"30/03/2022 10:01:50","60,000","34,610"
"30/03/2022 10:01:40","60,000","34,590"
"30/03/2022 10:01:30","60,000","34,580"
"30/03/2022 10:01:20","60,000","34,570"
"30/03/2022 10:01:10","60,000","34,560"
"30/03/2022 10:01:00","60,000","34,540"
"30/03/2022 10:00:50","60,000","34,530"
"30/03/2022 10:00:40","60,000","34,520"
"30/03/2022 10:00:30","60,000","34,500"
"30/03/2022 10:00:20","60,000","34,490"
"30/03/2022 10:00:10","60,000","34,480"
"30/03/2022 10:00:00","60,000","34,470"
"30/03/2022 09:59:50","60,000","34,460"
"30/03/2022 09:59:40","60,000","34,440"
"30/03/2022 09:59:30","60,000","34,430"
"30/03/2022 09:59:20","60,000","34,420"
"30/03/2022 09:59:10","60,000","34,400"
"30/03/2022 09:59:00","60,000","34,390"
"30/03/2022 09:58:50","60,000","34,370"
"30/03/2022 09:58:40","60,000","34,360"
"30/03/2022 09:58:30","60,000","34,350"
"30/03/2022 09:58:20","60,000","34,330"
"30/03/2022 09:58:10","60,000","34,320"
"30/03/2022 09:58:00","60,000","34,300"
"30/03/2022 09:57:50","60,000","34,290"
"30/03/2022 09:57:40","60,000","34,270"
"30/03/2022 09:57:30","60,000","34,260"
"30/03/2022 09:57:20","60,000","34,240"
"30/03/2022 09:57:10","60,000","34,230"
"30/03/2022 09:57:00","60,000","34,210"
"30/03/2022 09:56:50","60,000","34,200"
"30/03/2022 09:56:40","60,000","34,180"
"30/03/2022 09:56:30","60,000","34,170"
"30/03/2022 09:56:20","60,000","34,150"
"30/03/2022 09:56:10","60,000","34,140"
"30/03/2022 09:56:00","60,000","34,120"
"30/03/2022 09:55:50","60,000","34,110"
"30/03/2022 09:55:40","60,000","34,090"
"30/03/2022 09:55:30","60,000","34,070"
"30/03/2022 09:55:20","60,000","34,050"
"30/03/2022 09:55:10","60,000","34,040"
"30/03/2022 09:55:00","60,000","34,020"
"30/03/2022 09:54:50","60,000","34,010"
"30/03/2022 09:54:40","60,000","34,000"
"30/03/2022 09:54:30","60,000","33,980"
"30/03/2022 09:54:20","60,000","33,970"
"30/03/2022 09:54:10","60,000","33,940"
"30/03/2022 09:54:00","60,000","33,930"
"30/03/2022 09:53:50","60,000","33,910"
"30/03/2022 09:53:40","60,000","33,900"
"30/03/2022 09:53:30","60,000","33,880"
"30/03/2022 09:53:20","60,000","33,860"
"30/03/2022 09:53:10","60,000","33,850"
"30/03/2022 09:53:00","60,000","33,840"
"30/03/2022 09:52:50","60,000","33,820"
"30/03/2022 09:52:40","60,000","33,800"
"30/03/2022 09:52:30","60,000","33,780"
"30/03/2022 09:52:20","60,000","33,760"
"30/03/2022 09:52:10","60,000","33,740"
"30/03/2022 09:52:00","60,000","33,730"
"30/03/2022 09:51:50","60,000","33,710"
"30/03/2022 09:51:40","60,000","33,700"
"30/03/2022 09:51:30","60,000","33,680"
"30/03/2022 09:51:20","60,000","33,660"
"30/03/2022 09:51:10","60,000","33,650"
"30/03/2022 09:51:00","60,000","33,630"
"30/03/2022 09:50:50","60,000","33,610"
"30/03/2022 09:50:40","60,000","33,600"
"30/03/2022 09:50:30","60,000","33,580"
"30/03/2022 09:50:20","60,000","33,560"
"30/03/2022 09:50:10","60,000","33,540"
"30/03/2022 09:50:00","60,000","33,530"
"30/03/2022 09:49:50","60,000","33,510"
"30/03/2022 09:49:40","60,000","33,490"
"30/03/2022 09:49:30","60,000","33,470"
"30/03/2022 09:49:20","60,000","33,460"
"30/03/2022 09:49:10","60,000","33,440"
"30/03/2022 09:49:00","60,000","33,420"
"30/03/2022 09:48:50","60,000","33,400"
"30/03/2022 09:48:40","60,000","33,380"
"30/03/2022 09:48:30","60,000","33,370"
"30/03/2022 09:48:20","60,000","33,350"
"30/03/2022 09:48:10","60,000","33,330"
"30/03/2022 09:48:00","60,000","33,310"
"30/03/2022 09:47:50","60,000","33,290"
"30/03/2022 09:47:40","60,000","33,270"
"30/03/2022 09:47:30","60,000","33,260"
"30/03/2022 09:47:20","60,000","33,240"
"30/03/2022 09:47:10","60,000","33,220"
"30/03/2022 09:47:00","60,000","33,200"
"30/03/2022 09:46:50","60,000","33,180"
"30/03/2022 09:46:40","60,000","33,160"
"30/03/2022 09:46:30","60,000","33,140"
"30/03/2022 09:46:20","60,000","33,130"
"30/03/2022 09:46:10","60,000","33,110"
"30/03/2022 09:46:00","60,000","33,090"
"30/03/2022 09:45:50","60,000","33,070"
"30/03/2022 09:45:40","60,000","33,050"
"30/03/2022 09:45:30","60,000","33,030"
"30/03/2022 09:45:20","60,000","33,010"
"30/03/2022 09:45:10","60,000","32,990"
"30/03/2022 09:45:00","60,000","32,970"
"30/03/2022 09:44:50","60,000","32,950"
"30/03/2022 09:44:40","60,000","32,930"
"30/03/2022 09:44:30","60,000","32,910"
"30/03/2022 09:44:20","60,000","32,890"
"30/03/2022 09:44:10","60,000","32,870"
"30/03/2022 09:44:00","60,000","32,850"
"30/03/2022 09:43:50","60,000","32,830"
"30/03/2022 09:43:40","60,000","32,810"
"30/03/2022 09:43:30","60,000","32,790"
"30/03/2022 09:43:20","60,000","32,760"
"30/03/2022 09:43:10","60,000","32,740"
"30/03/2022 09:43:00","60,000","32,720"
"30/03/2022 09:42:50","60,000","32,690"
"30/03/2022 09:42:40","60,000","32,670"
"30/03/2022 09:42:30","60,000","32,650"
"30/03/2022 09:42:20","60,000","32,620"
"30/03/2022 09:42:10","60,000","32,600"
"30/03/2022 09:42:00","60,000","32,580"
"30/03/2022 09:41:50","60,000","32,550"
"30/03/2022 09:41:40","60,000","32,520"
"30/03/2022 09:41:30","60,000","32,490"
"30/03/2022 09:41:20","60,000","32,470"
"30/03/2022 09:41:10","60,000","32,440"
"30/03/2022 09:41:00","60,000","32,410"
"30/03/2022 09:40:50","60,000","32,380"
"30/03/2022 09:40:40","60,000","32,350"
"30/03/2022 09:40:30","60,000","32,320"
"30/03/2022 09:40:20","60,000","32,290"
"30/03/2022 09:40:10","60,000","32,260"
"30/03/2022 09:40:00","60,000","32,230"
"30/03/2022 09:39:50","60,000","32,200"
"30/03/2022 09:39:40","60,000","32,170"
"30/03/2022 09:39:30","60,000","32,130"
"30/03/2022 09:39:20","60,000","32,100"
"30/03/2022 09:39:10","60,000","32,060"
"30/03/2022 09:39:00","60,000","32,030"
"30/03/2022 09:38:50","60,000","31,990"
"30/03/2022 09:38:40","60,000","31,960"
"30/03/2022 09:38:30","60,000","31,920"
"30/03/2022 09:38:20","60,000","31,880"
"30/03/2022 09:38:10","60,000","31,840"
"30/03/2022 09:38:00","60,000","31,800"
"30/03/2022 09:37:50","60,000","31,760"
"30/03/2022 09:37:40","60,000","31,720"
"30/03/2022 09:37:30","60,000","31,680"
"30/03/2022 09:37:20","60,000","31,630"
"30/03/2022 09:37:10","60,000","31,590"
"30/03/2022 09:37:00","60,000","31,540"
"30/03/2022 09:36:50","60,000","31,500"
"30/03/2022 09:36:40","60,000","31,450"
"30/03/2022 09:36:30","60,000","31,410"
"30/03/2022 09:36:20","60,000","31,360"
"30/03/2022 09:36:10","60,000","31,310"
"30/03/2022 09:36:00","60,000","31,260"
"30/03/2022 09:35:50","60,000","31,210"
"30/03/2022 09:35:40","60,000","31,160"
"30/03/2022 09:35:30","60,000","31,110"
"30/03/2022 09:35:20","60,000","31,050"
"30/03/2022 09:35:10","60,000","30,990"
"30/03/2022 09:35:00","60,000","30,940"
"30/03/2022 09:34:50","60,000","30,880"
"30/03/2022 09:34:40","60,000","30,830"
"30/03/2022 09:34:30","60,000","30,770"
"30/03/2022 09:34:20","60,000","30,710"
"30/03/2022 09:34:10","60,000","30,650"
"30/03/2022 09:34:00","60,000","30,590"
"30/03/2022 09:33:50","60,000","30,530"
"30/03/2022 09:33:40","60,000","30,480"
"30/03/2022 09:33:30","60,000","30,420"
"30/03/2022 09:33:20","60,000","30,360"
"30/03/2022 09:33:10","60,000","30,300"
"30/03/2022 09:33:00","60,000","30,240"
"30/03/2022 09:32:50","60,000","30,190"
"30/03/2022 09:32:40","60,000","30,130"
"30/03/2022 09:32:30","60,000","30,080"
"30/03/2022 09:32:20","60,000","30,030"
"30/03/2022 09:32:10","60,000","29,980"
"30/03/2022 09:32:00","60,000","29,930"
"30/03/2022 09:31:50","60,000","29,880"
"30/03/2022 09:31:40","60,000","29,840"
"30/03/2022 09:31:30","60,000","29,800"
"30/03/2022 09:31:20","60,000","29,760"
"30/03/2022 09:31:10","60,000","29,720"
"30/03/2022 09:31:00","60,000","29,690"
"30/03/2022 09:30:50","60,000","29,650"
"30/03/2022 09:30:40","60,000","29,610"
"30/03/2022 09:30:30","60,000","29,580"
"30/03/2022 09:30:20","60,000","29,550"
"30/03/2022 09:30:10","60,000","29,520"
"30/03/2022 09:30:00","60,000","29,480"
"30/03/2022 09:29:50","60,000","29,450"
"30/03/2022 09:29:40","60,000","29,430"
"30/03/2022 09:29:30","60,000","29,390"
"30/03/2022 09:29:20","60,000","29,370"
"30/03/2022 09:29:10","60,000","29,340"
"30/03/2022 09:29:00","60,000","29,320"
"30/03/2022 09:28:50","60,000","29,300"
"30/03/2022 09:28:40","60,000","29,280"
"30/03/2022 09:28:30","60,000","29,260"
"30/03/2022 09:28:20","60,000","29,250"
"30/03/2022 09:28:10","60,000","29,240"
"30/03/2022 09:28:00","60,000","29,230"
"30/03/2022 09:27:50","60,000","29,230"
"30/03/2022 09:27:40","60,000","29,230"
"30/03/2022 09:27:30","60,000","29,230"
"30/03/2022 09:27:20","60,000","29,240"
"30/03/2022 09:27:10","60,000","29,240"
"30/03/2022 09:27:00","60,000","29,240"
"30/03/2022 09:26:50","60,000","29,250"
"30/03/2022 09:26:40","60,000","29,250"
"30/03/2022 09:26:30","60,000","29,250"
"30/03/2022 09:26:20","60,000","29,250"
"30/03/2022 09:26:10","60,000","29,250"
"30/03/2022 09:26:00","60,000","29,260"
"30/03/2022 09:25:50","60,000","29,250"
"30/03/2022 09:25:40","60,000","29,250"
"30/03/2022 09:25:30","60,000","29,260"
"30/03/2022 09:25:20","60,000","29,260"
"30/03/2022 09:25:10","60,000","29,260"
"30/03/2022 09:25:00","60,000","29,260"
"30/03/2022 09:24:50","40,000","29,260"
"30/03/2022 09:24:40","40,000","29,260"
"30/03/2022 09:24:30","40,000","29,260"
"30/03/2022 09:24:20","40,000","29,260"
"30/03/2022 09:24:00","40,000","29,260"
"30/03/2022 09:23:00","40,000","29,270"
"30/03/2022 09:22:00","40,000","29,270"
"30/03/2022 09:21:00","40,000","29,270"
"30/03/2022 09:20:00","40,000","29,280"
"30/03/2022 09:19:00","40,000","29,280"
"30/03/2022 09:18:00","40,000","29,290"
"30/03/2022 09:17:00","40,000","29,280"
"30/03/2022 09:16:00","40,000","29,290"
"30/03/2022 09:15:00","40,000","29,290"
"30/03/2022 09:14:00","40,000","29,300"
"30/03/2022 09:13:00","40,000","29,300"
"30/03/2022 09:12:00","40,000","29,300"
"30/03/2022 09:11:00","40,000","29,300"
"30/03/2022 09:10:00","40,000","29,310"
"30/03/2022 09:09:00","40,000","29,300"
"30/03/2022 09:08:00","40,000","29,300"
"30/03/2022 09:07:00","40,000","29,310"
"30/03/2022 09:06:00","40,000","29,310"
"30/03/2022 09:05:00","40,000","29,310"
"30/03/2022 09:04:00","40,000","29,310"
"30/03/2022 09:03:00","40,000","29,310"
"30/03/2022 09:02:00","40,000","29,310"
"30/03/2022 09:01:00","40,000","29,310"
"30/03/2022 09:00:00","40,000","29,310"
"30/03/2022 08:59:00","40,000","29,310"
"30/03/2022 08:58:00","40,000","29,320"
"30/03/2022 08:57:00","40,000","29,310"
"30/03/2022 08:56:00","40,000","29,320"
"30/03/2022 08:55:00","40,000","29,310"
"30/03/2022 08:54:00","40,000","29,310"
"30/03/2022 08:53:00","40,000","29,310"
"30/03/2022 08:52:00","40,000","29,310"
"30/03/2022 08:51:00","40,000","29,310"
"30/03/2022 08:50:00","40,000","29,310"
"30/03/2022 08:49:00","40,000","29,310"
"30/03/2022 08:48:00","40,000","29,310"
"30/03/2022 08:47:00","40,000","29,310"
"30/03/2022 08:46:00","40,000","29,310"
"30/03/2022 08:45:00","40,000","29,310"
"30/03/2022 08:44:00","40,000","29,310"
"30/03/2022 08:43:00","40,000","29,310"
"30/03/2022 08:42:00","40,000","29,300"
"30/03/2022 08:41:00","40,000","29,300"
"30/03/2022 08:40:00","40,000","29,300"
"30/03/2022 08:39:00","40,000","29,300"
"30/03/2022 08:38:00","40,000","29,300"
"30/03/2022 08:37:00","40,000","29,290"
"30/03/2022 08:36:00","40,000","29,290"
"30/03/2022 08:35:00","40,000","29,280"
"30/03/2022 08:34:00","40,000","29,270"
"30/03/2022 08:33:00","40,000","29,270"
"30/03/2022 08:32:00","40,000","29,270"
"30/03/2022 08:31:00","40,000","29,260"
"30/03/2022 08:30:00","40,000","29,260"
"30/03/2022 08:29:00","40,000","29,250"
"30/03/2022 08:28:00","40,000","29,240"
"30/03/2022 08:27:00","40,000","29,240"
"30/03/2022 08:26:00","40,000","29,230"
"30/03/2022 08:25:00","40,000","29,230"
"30/03/2022 08:24:00","40,000","29,230"
"30/03/2022 08:23:00","40,000","29,220"
"30/03/2022 08:22:00","40,000","29,220"
"30/03/2022 08:21:00","40,000","29,220"
"30/03/2022 08:20:00","40,000","29,220"
"30/03/2022 08:19:00","40,000","29,210"
"30/03/2022 08:18:00","40,000","29,210"
"30/03/2022 08:17:00","40,000","29,200"
"30/03/2022 08:16:00","40,000","29,200"
"30/03/2022 08:15:00","40,000","29,190"
"30/03/2022 08:14:00","40,000","29,190"
"30/03/2022 08:13:00","40,000","29,190"
"30/03/2022 08:12:00","40,000","29,180"
"30/03/2022 08:11:00","40,000","29,180"
"30/03/2022 08:10:00","40,000","29,170"
"30/03/2022 08:09:00","40,000","29,170"
"30/03/2022 08:08:00","40,000","29,160"
"30/03/2022 08:07:00","40,000","29,160"
"30/03/2022 08:06:00","40,000","29,160"
"30/03/2022 08:05:00","40,000","29,150"
"30/03/2022 08:04:00","40,000","29,150"
"30/03/2022 08:03:00","40,000","29,150"
"30/03/2022 08:02:00","40,000","29,150"
"30/03/2022 08:01:00","40,000","29,150"
"30/03/2022 08:00:00","40,000","29,150"
"30/03/2022 07:59:00","40,000","29,150"
"30/03/2022 07:58:00","40,000","29,150"
"30/03/2022 07:57:00","40,000","29,150"
"30/03/2022 07:56:00","40,000","29,150"
"30/03/2022 07:55:00","40,000","29,150"
"30/03/2022 07:54:00","40,000","29,150"
"30/03/2022 07:53:00","40,000","29,150"
"30/03/2022 07:52:00","40,000","29,150"
"30/03/2022 07:51:00","40,000","29,150"
"30/03/2022 07:50:00","40,000","29,150"
"30/03/2022 07:49:00","40,000","29,150"
"30/03/2022 07:48:00","40,000","29,160"
"30/03/2022 07:47:00","40,000","29,160"
"30/03/2022 07:46:00","40,000","29,160"
"30/03/2022 07:45:00","40,000","29,160"
"30/03/2022 07:44:00","40,000","29,160"
"30/03/2022 07:43:00","40,000","29,160"
"30/03/2022 07:42:00","40,000","29,170"
"30/03/2022 07:41:00","40,000","29,170"
"30/03/2022 07:40:00","40,000","29,180"
"30/03/2022 07:39:00","40,000","29,180"
"30/03/2022 07:38:00","40,000","29,180"
"30/03/2022 07:37:00","40,000","29,190"
"30/03/2022 07:36:00","40,000","29,190"
"30/03/2022 07:35:00","40,000","29,200"
"30/03/2022 07:34:00","40,000","29,210"
"30/03/2022 07:33:00","40,000","29,210"
"30/03/2022 07:32:00","40,000","29,210"
"30/03/2022 07:31:00","40,000","29,220"
"30/03/2022 07:30:00","40,000","29,220"
"30/03/2022 07:29:00","40,000","29,230"
"30/03/2022 07:28:00","40,000","29,230"
"30/03/2022 07:27:00","40,000","29,240"
"30/03/2022 07:26:00","40,000","29,250"
"30/03/2022 07:25:00","40,000","29,250"
"30/03/2022 07:24:00","40,000","29,260"
"30/03/2022 07:23:00","40,000","29,260"
"30/03/2022 07:22:00","40,000","29,270"
"30/03/2022 07:21:00","40,000","29,280"
"30/03/2022 07:20:00","40,000","29,290"
"30/03/2022 07:19:00","40,000","29,290"
"30/03/2022 07:18:00","40,000","29,300"
"30/03/2022 07:17:00","40,000","29,310"
"30/03/2022 07:16:00","40,000","29,310"
"30/03/2022 07:15:00","40,000","29,320"
"30/03/2022 07:14:00","40,000","29,330"
"30/03/2022 07:13:00","40,000","29,330"
"30/03/2022 07:12:00","40,000","29,350"
"30/03/2022 07:11:00","40,000","29,350"
"30/03/2022 07:10:00","40,000","29,360"
"30/03/2022 07:09:00","40,000","29,370"
"30/03/2022 07:08:00","40,000","29,380"
"30/03/2022 07:07:00","40,000","29,390"
"30/03/2022 07:06:00","40,000","29,390"
"30/03/2022 07:05:00","40,000","29,400"
"30/03/2022 07:04:00","40,000","29,420"
"30/03/2022 07:03:00","40,000","29,430"
"30/03/2022 07:02:00","40,000","29,440"
"30/03/2022 07:01:00","40,000","29,440"
"30/03/2022 07:00:00","40,000","29,460"
"30/03/2022 06:59:00","40,000","29,470"
"30/03/2022 06:58:00","40,000","29,480"
"30/03/2022 06:57:00","40,000","29,480"
"30/03/2022 06:56:00","40,000","29,500"
"30/03/2022 06:55:00","40,000","29,510"
"30/03/2022 06:54:00","40,000","29,520"
"30/03/2022 06:53:00","40,000","29,540"
"30/03/2022 06:52:00","40,000","29,550"
"30/03/2022 06:51:00","40,000","29,560"
"30/03/2022 06:50:00","40,000","29,580"
"30/03/2022 06:49:00","40,000","29,590"
"30/03/2022 06:48:00","40,000","29,600"
"30/03/2022 06:47:00","40,000","29,620"
"30/03/2022 06:46:00","40,000","29,640"
"30/03/2022 06:45:00","40,000","29,660"
"30/03/2022 06:44:00","40,000","29,670"
"30/03/2022 06:43:00","40,000","29,690"
"30/03/2022 06:42:00","40,000","29,700"
"30/03/2022 06:41:00","40,000","29,720"
"30/03/2022 06:40:00","40,000","29,740"
"30/03/2022 06:39:00","40,000","29,750"
"30/03/2022 06:38:00","40,000","29,770"
"30/03/2022 06:37:00","40,000","29,790"
"30/03/2022 06:36:00","40,000","29,810"
"30/03/2022 06:35:00","40,000","29,820"
"30/03/2022 06:34:00","40,000","29,840"
"30/03/2022 06:33:00","40,000","29,870"
"30/03/2022 06:32:00","40,000","29,890"
"30/03/2022 06:31:00","40,000","29,910"
"30/03/2022 06:30:00","40,000","29,930"
"30/03/2022 06:29:00","40,000","29,960"
"30/03/2022 06:28:00","40,000","29,980"
"30/03/2022 06:27:00","40,000","30,000"
"30/03/2022 06:26:00","40,000","30,020"
"30/03/2022 06:25:00","40,000","30,050"
"30/03/2022 06:24:00","40,000","30,070"
"30/03/2022 06:23:00","40,000","30,100"
"30/03/2022 06:22:00","40,000","30,120"
"30/03/2022 06:21:00","40,000","30,140"
"30/03/2022 06:20:00","40,000","30,170"
"30/03/2022 06:19:00","40,000","30,190"
"30/03/2022 06:18:00","40,000","30,220"
"30/03/2022 06:17:00","40,000","30,230"
"30/03/2022 06:16:00","40,000","30,250"
"30/03/2022 06:15:00","40,000","30,270"
"30/03/2022 06:14:00","40,000","30,280"
"30/03/2022 06:13:00","40,000","30,300"
"30/03/2022 06:12:00","40,000","30,300"
"30/03/2022 06:11:00","40,000","30,320"
"30/03/2022 06:10:00","40,000","30,330"
"30/03/2022 06:09:00","40,000","30,340"
"30/03/2022 06:08:00","40,000","30,350"
"30/03/2022 06:07:00","40,000","30,370"
"30/03/2022 06:06:00","40,000","30,380"
"30/03/2022 06:05:00","40,000","30,410"
"30/03/2022 06:04:00","40,000","30,430"
"30/03/2022 06:03:00","40,000","30,450"
"30/03/2022 06:02:00","40,000","30,470"
"30/03/2022 06:01:00","40,000","30,480"
"30/03/2022 06:00:00","40,000","30,500"
"30/03/2022 05:59:00","40,000","30,510"
"30/03/2022 05:58:00","40,000","30,520"
"30/03/2022 05:57:00","40,000","30,530"
"30/03/2022 05:56:00","40,000","30,540"
"30/03/2022 05:55:00","40,000","30,550"
"30/03/2022 05:54:00","40,000","30,560"
"30/03/2022 05:53:00","40,000","30,570"
"30/03/2022 05:52:00","40,000","30,580"
"30/03/2022 05:51:00","40,000","30,590"
"30/03/2022 05:50:00","40,000","30,590"
"30/03/2022 05:49:00","40,000","30,600"
"30/03/2022 05:48:00","40,000","30,610"
"30/03/2022 05:47:00","40,000","30,620"
"30/03/2022 05:46:00","40,000","30,630"
"30/03/2022 05:45:00","40,000","30,630"
"30/03/2022 05:44:00","40,000","30,640"
"30/03/2022 05:43:00","40,000","30,650"
"30/03/2022 05:42:00","40,000","30,660"
"30/03/2022 05:41:00","40,000","30,660"
"30/03/2022 05:40:00","40,000","30,670"
"30/03/2022 05:39:00","40,000","30,670"
"30/03/2022 05:38:00","40,000","30,680"
"30/03/2022 05:37:00","40,000","30,680"
"30/03/2022 05:36:00","40,000","30,690"
"30/03/2022 05:35:00","40,000","30,700"
"30/03/2022 05:34:00","40,000","30,700"
"30/03/2022 05:33:00","40,000","30,700"
"30/03/2022 05:32:00","40,000","30,710"
"30/03/2022 05:31:00","40,000","30,710"
"30/03/2022 05:30:00","40,000","30,720"
"30/03/2022 05:29:00","40,000","30,720"
"30/03/2022 05:28:00","40,000","30,720"
"30/03/2022 05:27:00","40,000","30,730"
"30/03/2022 05:26:00","40,000","30,740"
"30/03/2022 05:25:00","40,000","30,740"
"30/03/2022 05:24:00","40,000","30,740"
"30/03/2022 05:23:00","40,000","30,750"
"30/03/2022 05:22:00","40,000","30,760"
"30/03/2022 05:21:00","40,000","30,760"
"30/03/2022 05:20:00","40,000","30,770"
"30/03/2022 05:19:00","40,000","30,770"
"30/03/2022 05:18:00","40,000","30,770"
"30/03/2022 05:17:00","40,000","30,780"
"30/03/2022 05:16:00","40,000","30,780"
"30/03/2022 05:15:00","40,000","30,780"
"30/03/2022 05:14:00","40,000","30,790"
"30/03/2022 05:13:00","40,000","30,790"
"30/03/2022 05:12:00","40,000","30,790"
"30/03/2022 05:11:00","40,000","30,790"
"30/03/2022 05:10:00","40,000","30,790"
"30/03/2022 05:09:00","40,000","30,800"
"30/03/2022 05:08:00","40,000","30,800"
"30/03/2022 05:07:00","40,000","30,800"
"30/03/2022 05:06:00","40,000","30,800"
"30/03/2022 05:05:00","40,000","30,800"
"30/03/2022 05:04:00","40,000","30,800"
"30/03/2022 05:03:00","40,000","30,800"
"30/03/2022 05:02:00","40,000","30,800"
"30/03/2022 05:01:00","40,000","30,800"
"30/03/2022 05:00:00","40,000","30,800"
"30/03/2022 04:59:00","40,000","30,800"
"30/03/2022 04:58:00","40,000","30,800"
"30/03/2022 04:57:00","40,000","30,800"
"30/03/2022 04:56:00","40,000","30,800"
"30/03/2022 04:55:00","40,000","30,800"
"30/03/2022 04:54:00","40,000","30,800"
"30/03/2022 04:53:00","40,000","30,800"
"30/03/2022 04:52:00","40,000","30,800"
"30/03/2022 04:51:00","40,000","30,800"
"30/03/2022 04:50:00","40,000","30,800"
"30/03/2022 04:49:00","40,000","30,800"
"30/03/2022 04:48:00","40,000","30,800"
"30/03/2022 04:47:00","40,000","30,800"
"30/03/2022 04:46:00","40,000","30,800"
"30/03/2022 04:45:00","40,000","30,800"
"30/03/2022 04:44:00","40,000","30,800"
"30/03/2022 04:43:00","40,000","30,800"
"30/03/2022 04:42:00","40,000","30,800"
"30/03/2022 04:41:00","40,000","30,800"
"30/03/2022 04:40:00","40,000","30,800"
"30/03/2022 04:39:00","40,000","30,800"
"30/03/2022 04:38:00","40,000","30,800"
"30/03/2022 04:37:00","40,000","30,800"
"30/03/2022 04:36:00","40,000","30,800"
"30/03/2022 04:35:00","40,000","30,800"
"30/03/2022 04:34:00","40,000","30,800"
"30/03/2022 04:33:00","40,000","30,790"
"30/03/2022 04:32:00","40,000","30,790"
"30/03/2022 04:31:00","40,000","30,800"
"30/03/2022 04:30:00","40,000","30,800"
"30/03/2022 04:29:00","40,000","30,790"
"30/03/2022 04:28:00","40,000","30,790"
"30/03/2022 04:27:00","40,000","30,790"
"30/03/2022 04:26:00","40,000","30,790"
"30/03/2022 04:25:00","40,000","30,790"
"30/03/2022 04:24:00","40,000","30,790"
"30/03/2022 04:23:00","40,000","30,800"
"30/03/2022 04:22:00","40,000","30,790"
"30/03/2022 04:21:00","40,000","30,790"
"30/03/2022 04:20:00","40,000","30,790"
"30/03/2022 04:19:00","40,000","30,790"
"30/03/2022 04:18:00","40,000","30,800"
"30/03/2022 04:17:00","40,000","30,790"
"30/03/2022 04:16:00","40,000","30,790"
"30/03/2022 04:15:00","40,000","30,790"
"30/03/2022 04:14:00","40,000","30,790"
"30/03/2022 04:13:00","40,000","30,790"
"30/03/2022 04:12:00","40,000","30,800"
"30/03/2022 04:11:00","40,000","30,790"
"30/03/2022 04:10:00","40,000","30,790"
"30/03/2022 04:09:00","40,000","30,790"
"30/03/2022 04:08:00","40,000","30,790"
"30/03/2022 04:07:00","40,000","30,790"
"30/03/2022 04:06:00","40,000","30,790"
"30/03/2022 04:05:00","40,000","30,790"
"30/03/2022 04:04:00","40,000","30,790"
"30/03/2022 04:03:00","40,000","30,790"
"30/03/2022 04:02:00","40,000","30,790"
"30/03/2022 04:01:00","40,000","30,790"
"30/03/2022 04:00:00","40,000","30,790"
"30/03/2022 03:59:00","40,000","30,790"
"30/03/2022 03:58:00","40,000","30,790"
"30/03/2022 03:57:00","40,000","30,790"
"30/03/2022 03:56:00","40,000","30,790"
"30/03/2022 03:55:00","40,000","30,790"
"30/03/2022 03:54:00","40,000","30,790"
"30/03/2022 03:53:00","40,000","30,790"
"30/03/2022 03:52:00","40,000","30,800"
"30/03/2022 03:51:00","40,000","30,790"
"30/03/2022 03:50:00","40,000","30,800"
"30/03/2022 03:49:00","40,000","30,800"
"30/03/2022 03:48:00","40,000","30,800"
"30/03/2022 03:47:00","40,000","30,800"
"30/03/2022 03:46:00","40,000","30,800"
"30/03/2022 03:45:00","40,000","30,810"
"30/03/2022 03:44:00","40,000","30,810"
"30/03/2022 03:43:00","40,000","30,820"
"30/03/2022 03:42:00","40,000","30,820"
"30/03/2022 03:41:00","40,000","30,820"
"30/03/2022 03:40:00","40,000","30,830"
"30/03/2022 03:39:00","40,000","30,830"
"30/03/2022 03:38:00","40,000","30,830"
"30/03/2022 03:37:00","40,000","30,840"
"30/03/2022 03:36:00","40,000","30,840"
"30/03/2022 03:35:00","40,000","30,840"
"30/03/2022 03:34:00","40,000","30,850"
"30/03/2022 03:33:00","40,000","30,850"
"30/03/2022 03:32:00","40,000","30,850"
"30/03/2022 03:31:00","40,000","30,850"
"30/03/2022 03:30:00","40,000","30,860"
"30/03/2022 03:29:00","40,000","30,850"
"30/03/2022 03:28:00","40,000","30,860"
"30/03/2022 03:27:00","40,000","30,860"
"30/03/2022 03:26:00","40,000","30,860"
"30/03/2022 03:25:00","40,000","30,870"
"30/03/2022 03:24:00","40,000","30,870"
"30/03/2022 03:23:00","40,000","30,870"
"30/03/2022 03:22:00","40,000","30,880"
"30/03/2022 03:21:00","40,000","30,880"
"30/03/2022 03:20:00","40,000","30,880"
"30/03/2022 03:19:00","40,000","30,880"
"30/03/2022 03:18:00","40,000","30,890"
"30/03/2022 03:17:00","40,000","30,890"
"30/03/2022 03:16:00","40,000","30,890"
"30/03/2022 03:15:00","40,000","30,900"
